SERIAL,ADMCD,ADMNM,X,Y
0,1100000000,서울특별시,954919,1950195
1,1111000000,서울특별시 종로구,953003,1955642
2,1111051000,서울특별시 종로구 청운동,953064,1954062
3,1111051500,서울특별시 종로구 청운효자동,953064,1954062
4,1111052000,서울특별시 종로구 효자동,953064,1954062
5,1111053000,서울특별시 종로구 사직동,953238,1952853
6,1111054000,서울특별시 종로구 삼청동,954289,1954201
7,1111055000,서울특별시 종로구 부암동,952832,1955251
8,1111056000,서울특별시 종로구 평창동,953124,1957283
9,1111057000,서울특별시 종로구 무악동,952228,1953240
10,1111058000,서울특별시 종로구 교남동,952682,1952534
11,1111060000,서울특별시 종로구 가회동,954653,1953970
12,1111061500,서울특별시 종로구 종로1.2.3.4가동,955243,1953276
13,1111063000,서울특별시 종로구 종로5.6가동,956175,1952763
14,1111064000,서울특별시 종로구 이화동,956085,1953527
15,1111065000,서울특별시 종로구 혜화동,955828,1954272
16,1111066000,서울특별시 종로구 명륜3가동,955780,1954032
17,1111067000,서울특별시 종로구 창신제1동,957041,1952765
18,1111068000,서울특별시 종로구 창신제2동,956733,1953067
19,1111069000,서울특별시 종로구 창신제3동,957013,1953379
20,1111070000,서울특별시 종로구 숭인제1동,957351,1953238
21,1111071000,서울특별시 종로구 숭인제2동,957721,1952945
22,1114000000,서울특별시 중구,955194,1951059
23,1114052000,서울특별시 중구 소공동,953644,1951801
24,1114054000,서울특별시 중구 회현동,953733,1950998
25,1114055000,서울특별시 중구 명동,954586,1951500
26,1114057000,서울특별시 중구 필동,955351,1950933
27,1114058000,서울특별시 중구 장충동,956179,1950800
28,1114059000,서울특별시 중구 광희동,956457,1951917
29,1114060000,서울특별시 중구 을지로3.4.5가동,955634,1951997
30,1114060500,서울특별시 중구 을지로동,955634,1951997
31,1114061000,서울특별시 중구 신당제1동,957088,1951826
32,1114061500,서울특별시 중구 신당동,957021,1951886
33,1114062000,서울특별시 중구 신당제2동,956561,1950741
34,1114062500,서울특별시 중구 다산동,956546,1950730
35,1114063000,서울특별시 중구 신당제3동,956744,1950163
36,1114063500,서울특별시 중구 약수동,956727,1950153
37,1114064000,서울특별시 중구 신당제4동,957145,1950916
38,1114064500,서울특별시 중구 청구동,957193,1950968
39,1114065000,서울특별시 중구 신당제5동,957878,1951648
40,1114066000,서울특별시 중구 신당제6동,957465,1951380
41,1114066500,서울특별시 중구 동화동,957472,1951379
42,1114067000,서울특별시 중구 황학동,957668,1952240
43,1114068000,서울특별시 중구 중림동,952837,1950953
44,1117000000,서울특별시 용산구,954216,1948380
45,1117051000,서울특별시 용산구 후암동,954207,1950230
46,1117052000,서울특별시 용산구 용산2가동,954162,1949152
47,1117053000,서울특별시 용산구 남영동,953386,1949596
48,1117054000,서울특별시 용산구 청파제1동,952932,1950024
49,1117055000,서울특별시 용산구 청파제2동,952932,1950024
50,1117055500,서울특별시 용산구 청파동,952932,1950024
51,1117056000,서울특별시 용산구 원효로제1동,952929,1948831
52,1117057000,서울특별시 용산구 원효로제2동,951473,1948283
53,1117058000,서울특별시 용산구 효창동,952293,1949508
54,1117059000,서울특별시 용산구 용문동,952148,1948892
55,1117060000,서울특별시 용산구 한강로제1동,952929,1948831
56,1117061000,서울특별시 용산구 한강로제2동,952884,1948124
57,1117062000,서울특별시 용산구 한강로제3동,952884,1948124
58,1117062500,서울특별시 용산구 한강로동,952884,1948124
59,1117063000,서울특별시 용산구 이촌제1동,953244,1946599
60,1117064000,서울특별시 용산구 이촌제2동,951754,1947270
61,1117065000,서울특별시 용산구 이태원제1동,955197,1948367
62,1117066000,서울특별시 용산구 이태원제2동,955206,1949272
63,1117067000,서울특별시 용산구 한남제1동,956375,1948799
64,1117068000,서울특별시 용산구 한남제2동,956375,1948799
65,1117068500,서울특별시 용산구 한남동,956375,1948799
66,1117069000,서울특별시 용산구 서빙고동,954784,1947172
67,1117070000,서울특별시 용산구 보광동,955998,1947451
68,1120000000,서울특별시 성동구,959545,1950338
69,1120051000,서울특별시 성동구 왕십리제1동,958407,1952007
70,1120052000,서울특별시 성동구 왕십리제2동,958333,1951444
71,1120053000,서울특별시 성동구 도선동,958749,1951891
72,1120053500,서울특별시 성동구 왕십리도선동,958407,1952007
73,1120054000,서울특별시 성동구 마장동,959407,1952115
74,1120055000,서울특별시 성동구 사근동,959823,1951182
75,1120056000,서울특별시 성동구 행당제1동,958946,1951253
76,1120057000,서울특별시 성동구 행당제2동,958442,1950919
77,1120058000,서울특별시 성동구 응봉동,958815,1950237
78,1120059000,서울특별시 성동구 금호1가동,958180,1950504
79,1120060000,서울특별시 성동구 금호2가동,957614,1950482
80,1120061000,서울특별시 성동구 금호3가동,957614,1950482
81,1120061500,서울특별시 성동구 금호2.3가동,957614,1950482
82,1120062000,서울특별시 성동구 금호4가동,958092,1949459
83,1120063000,서울특별시 성동구 옥수제1동,957163,1949357
84,1120064000,서울특별시 성동구 옥수제2동,957163,1949357
85,1120064500,서울특별시 성동구 옥수동,957163,1949357
86,1120065000,서울특별시 성동구 성수1가제1동,959331,1949068
87,1120066000,서울특별시 성동구 성수1가제2동,959652,1950038
88,1120067000,서울특별시 성동구 성수2가제1동,960731,1948644
89,1120069000,서울특별시 성동구 성수2가제3동,960954,1949670
90,1120072000,서울특별시 성동구 송정동,961876,1950581
91,1120079000,서울특별시 성동구 용답동,960916,1951421
92,1121500000,서울특별시 광진구,963792,1950030
93,1121571000,서울특별시 광진구 화양동,962291,1949435
94,1121573000,서울특별시 광진구 군자동,962363,1950535
95,1121574000,서울특별시 광진구 중곡제1동,962690,1951463
96,1121575000,서울특별시 광진구 중곡제2동,963262,1951119
97,1121576000,서울특별시 광진구 중곡제3동,963023,1952101
98,1121577000,서울특별시 광진구 중곡제4동,964175,1951594
99,1121578000,서울특별시 광진구 능동,963154,1950320
100,1121581000,서울특별시 광진구 광장동,965116,1949846
101,1121582000,서울특별시 광진구 자양제1동,962907,1948656
102,1121583000,서울특별시 광진구 자양제2동,963192,1948028
103,1121584000,서울특별시 광진구 자양제3동,962116,1948161
104,1121584500,서울특별시 광진구 노유제1동,961673,1948944
105,1121584600,서울특별시 광진구 노유제2동,961437,1948373
106,1121584700,서울특별시 광진구 자양제4동,961437,1948373
107,1121585000,서울특별시 광진구 구의제1동,963484,1949148
108,1121586000,서울특별시 광진구 구의제2동,964165,1950360
109,1121587000,서울특별시 광진구 구의제3동,964279,1948578
110,1123000000,서울특별시 동대문구,960507,1953928
111,1123051000,서울특별시 동대문구 신설동,958846,1953076
112,1123052000,서울특별시 동대문구 용두제1동,958846,1953076
113,1123053000,서울특별시 동대문구 용두제2동,958846,1953076
114,1123053500,서울특별시 동대문구 용두동,958846,1953076
115,1123053600,서울특별시 동대문구 용신동,958846,1953076
116,1123054000,서울특별시 동대문구 제기제1동,959138,1954023
117,1123054500,서울특별시 동대문구 제기동,959138,1954023
118,1123055000,서울특별시 동대문구 제기제2동,959138,1954023
119,1123056000,서울특별시 동대문구 전농제1동,960310,1953551
120,1123057000,서울특별시 동대문구 전농제2동,961320,1953576
121,1123058000,서울특별시 동대문구 전농제3동,961320,1953576
122,1123059000,서울특별시 동대문구 전농제4동,961320,1953576
123,1123060000,서울특별시 동대문구 답십리제1동,960479,1952438
124,1123061000,서울특별시 동대문구 답십리제2동,961211,1952360
125,1123062000,서울특별시 동대문구 답십리제3동,960479,1952438
126,1123063000,서울특별시 동대문구 답십리제4동,961211,1952360
127,1123064000,서울특별시 동대문구 답십리제5동,960479,1952438
128,1123065000,서울특별시 동대문구 장안제1동,961899,1951948
129,1123066000,서울특별시 동대문구 장안제2동,962283,1952927
130,1123067000,서울특별시 동대문구 장안제3동,962169,1951943
131,1123068000,서울특별시 동대문구 장안제4동,962283,1952927
132,1123069000,서울특별시 동대문구 청량리제1동,959911,1954440
133,1123070000,서울특별시 동대문구 청량리제2동,959911,1954440
134,1123070500,서울특별시 동대문구 청량리동,959911,1954440
135,1123071000,서울특별시 동대문구 회기동,960364,1955099
136,1123072000,서울특별시 동대문구 휘경제1동,961312,1954757
137,1123073000,서울특별시 동대문구 휘경제2동,961487,1954245
138,1123074000,서울특별시 동대문구 이문제1동,961311,1955421
139,1123075000,서울특별시 동대문구 이문제2동,961759,1956088
140,1123076000,서울특별시 동대문구 이문제3동,961759,1956088
141,1126000000,서울특별시 중랑구,964150,1955165
142,1126051000,서울특별시 중랑구 면목제1동,963734,1954473
143,1126052000,서울특별시 중랑구 면목제2동,962729,1954501
144,1126053000,서울특별시 중랑구 면목제3동,964079,1953667
145,1126054000,서울특별시 중랑구 면목제4동,963432,1952761
146,1126055000,서울특별시 중랑구 면목제5동,962921,1953726
147,1126056000,서울특별시 중랑구 면목제6동,963734,1954473
148,1126056500,서울특별시 중랑구 면목본동,963734,1954473
149,1126057000,서울특별시 중랑구 면목제7동,964243,1953043
150,1126057100,서울특별시 중랑구 면목제8동,964729,1954002
151,1126057500,서울특별시 중랑구 면목제3.8동,964729,1954002
152,1126058000,서울특별시 중랑구 상봉제1동,963806,1955971
153,1126059000,서울특별시 중랑구 상봉제2동,963438,1955096
154,1126060000,서울특별시 중랑구 중화제1동,963154,1955997
155,1126061000,서울특별시 중랑구 중화제2동,962516,1955584
156,1126061100,서울특별시 중랑구 중화제3동,962516,1955584
157,1126062000,서울특별시 중랑구 묵제1동,963048,1957126
158,1126063000,서울특별시 중랑구 묵제2동,962450,1956919
159,1126064000,서울특별시 중랑구 망우제1동,965450,1955975
160,1126065000,서울특별시 중랑구 망우제2동,965450,1955975
161,1126065500,서울특별시 중랑구 망우본동,965450,1955975
162,1126066000,서울특별시 중랑구 망우제3동,964935,1954763
163,1126068000,서울특별시 중랑구 신내1동,964572,1956822
164,1126069000,서울특별시 중랑구 신내2동,964013,1956697
165,1129000000,서울특별시 성북구,958277,1956502
166,1129051000,서울특별시 성북구 성북제1동,955448,1955216
167,1129052000,서울특별시 성북구 성북제2동,955448,1955216
168,1129052500,서울특별시 성북구 성북동,955448,1955216
169,1129053000,서울특별시 성북구 동소문동,956853,1954215
170,1129054000,서울특별시 성북구 삼선제1동,956853,1954215
171,1129055000,서울특별시 성북구 삼선제2동,957070,1954295
172,1129055500,서울특별시 성북구 삼선동,956853,1954215
173,1129056000,서울특별시 성북구 동선제1동,957461,1955025
174,1129057000,서울특별시 성북구 동선제2동,957461,1955025
175,1129057500,서울특별시 성북구 동선동,957461,1955025
176,1129058000,서울특별시 성북구 돈암제1동,957920,1955650
177,1129059000,서울특별시 성북구 돈암제2동,956682,1955377
178,1129060000,서울특별시 성북구 안암동,958226,1954259
179,1129061000,서울특별시 성북구 보문동,957466,1953854
180,1129062000,서울특별시 성북구 정릉제1동,957279,1956403
181,1129063000,서울특별시 성북구 정릉제2동,956612,1956193
182,1129064000,서울특별시 성북구 정릉제3동,955990,1957374
183,1129065000,서울특별시 성북구 정릉제4동,955683,1958206
184,1129066000,서울특별시 성북구 길음제1동,957627,1956622
185,1129067000,서울특별시 성북구 길음제2동,958257,1956603
186,1129068000,서울특별시 성북구 길음제3동,958257,1956603
187,1129068500,서울특별시 성북구 길음제2동,958257,1956603
188,1129069000,서울특별시 성북구 종암제1동,958811,1955461
189,1129070000,서울특별시 성북구 종암제2동,958811,1955461
190,1129070500,서울특별시 성북구 종암동,958811,1955461
191,1129071500,서울특별시 성북구 월곡제1동,959081,1956565
192,1129072500,서울특별시 성북구 월곡제2동,959839,1956064
193,1129073500,서울특별시 성북구 월곡제3동,959081,1956565
194,1129074500,서울특별시 성북구 월곡제4동,959081,1956565
195,1129075000,서울특별시 성북구 상월곡동,959839,1956064
196,1129076000,서울특별시 성북구 장위제1동,959763,1957444
197,1129077000,서울특별시 성북구 장위제2동,960582,1957120
198,1129078000,서울특별시 성북구 장위제3동,960656,1957760
199,1129079000,서울특별시 성북구 석관제1동,961186,1956615
200,1129080000,서울특별시 성북구 석관제2동,961186,1956615
201,1129081000,서울특별시 성북구 석관동,961186,1956615
202,1130500000,서울특별시 강북구,956323,1960939
203,1130553100,서울특별시 강북구 미아제1동,956896,1958441
204,1130553200,서울특별시 강북구 미아제2동,956896,1958441
205,1130553300,서울특별시 강북구 미아제3동,958166,1958943
206,1130553400,서울특별시 강북구 삼양동,956896,1958441
207,1130553500,서울특별시 강북구 미아동,958166,1958943
208,1130554000,서울특별시 강북구 미아제4동,958882,1957658
209,1130554500,서울특별시 강북구 송중동,958882,1957658
210,1130555000,서울특별시 강북구 미아제5동,958113,1957757
211,1130555500,서울특별시 강북구 송천동,958113,1957757
212,1130556500,서울특별시 강북구 미아제6.7동,957358,1957534
213,1130557500,서울특별시 강북구 삼각산동,957358,1957534
214,1130558000,서울특별시 강북구 미아제8동,958025,1958082
215,1130558100,서울특별시 강북구 미아제9동,958882,1957658
216,1130559000,서울특별시 강북구 번제1동,958557,1959978
217,1130559500,서울특별시 강북구 번제1동,958555,1959978
218,1130560000,서울특별시 강북구 번제2동,958991,1958808
219,1130560300,서울특별시 강북구 번제2동,958991,1958808
220,1130560600,서울특별시 강북구 번제3동,959671,1958321
221,1130560800,서울특별시 강북구 번제3동,959671,1958321
222,1130561000,서울특별시 강북구 수유제1동,956527,1959011
223,1130561500,서울특별시 강북구 수유제1동,956491,1959015
224,1130562000,서울특별시 강북구 수유제2동,957635,1960730
225,1130562500,서울특별시 강북구 수유제2동,957642,1960706
226,1130563000,서울특별시 강북구 수유제3동,958024,1960281
227,1130563500,서울특별시 강북구 수유제3동,957992,1960273
228,1130564000,서울특별시 강북구 수유제4동,956040,1962620
229,1130564500,서울특별시 강북구 우이동,955963,1962612
230,1130565000,서울특별시 강북구 수유제5동,955990,1960017
231,1130565100,서울특별시 강북구 수유제6동,956350,1960158
232,1130566000,서울특별시 강북구 인수동,955990,1960017
233,1132000000,서울특별시 도봉구,958786,1963079
234,1132051100,서울특별시 도봉구 창제1동,959933,1960758
235,1132051200,서울특별시 도봉구 창제2동,959132,1960357
236,1132051300,서울특별시 도봉구 창제3동,959534,1959905
237,1132051400,서울특별시 도봉구 창제4동,960426,1961399
238,1132051500,서울특별시 도봉구 창제5동,959675,1962002
239,1132052100,서울특별시 도봉구 도봉제1동,958331,1965196
240,1132052200,서울특별시 도봉구 도봉제2동,960188,1964766
241,1132066000,서울특별시 도봉구 쌍문제1동,957420,1961755
242,1132067000,서울특별시 도봉구 쌍문제2동,959153,1961983
243,1132068000,서울특별시 도봉구 쌍문제3동,958514,1960956
244,1132068100,서울특별시 도봉구 쌍문제4동,958557,1961871
245,1132069000,서울특별시 도봉구 방학제1동,959744,1962947
246,1132070000,서울특별시 도봉구 방학제2동,958842,1963330
247,1132071000,서울특별시 도봉구 방학제3동,957973,1962673
248,1132072000,서울특별시 도봉구 방학제4동,957973,1962673
249,1135000000,서울특별시 노원구,962150,1961831
250,1135056000,서울특별시 노원구 월계1동,960940,1958194
251,1135057000,서울특별시 노원구 월계2동,960468,1959581
252,1135058000,서울특별시 노원구 월계3동,961555,1958588
253,1135058100,서울특별시 노원구 월계4동,960940,1958194
254,1135059000,서울특별시 노원구 공릉제1동,962400,1958307
255,1135059500,서울특별시 노원구 공릉1동,962400,1958307
256,1135060000,서울특별시 노원구 공릉2동,964132,1959184
257,1135060100,서울특별시 노원구 공릉제3동,962400,1958307
258,1135060500,서울특별시 노원구 공릉1.3동,962400,1958307
259,1135061100,서울특별시 노원구 하계1동,962458,1959980
260,1135061200,서울특별시 노원구 하계2동,961579,1959589
261,1135061900,서울특별시 노원구 중계본동,963374,1961030
262,1135062100,서울특별시 노원구 중계1동,962318,1961233
263,1135062200,서울특별시 노원구 중계2동,961735,1960571
264,1135062300,서울특별시 노원구 중계3동,961735,1960571
265,1135062400,서울특별시 노원구 중계4동,963141,1962203
266,1135062500,서울특별시 노원구 중계2.3동,961735,1960571
267,1135063000,서울특별시 노원구 상계1동,961531,1964967
268,1135064000,서울특별시 노원구 상계2동,961800,1961922
269,1135065000,서울특별시 노원구 상계제3동,963248,1964100
270,1135066000,서울특별시 노원구 상계제4동,963248,1964100
271,1135066500,서울특별시 노원구 상계3.4동,963252,1964150
272,1135067000,서울특별시 노원구 상계5동,962039,1962735
273,1135068000,서울특별시 노원구 상계제6동,961152,1960892
274,1135069000,서울특별시 노원구 상계제7동,961152,1960892
275,1135069500,서울특별시 노원구 상계6.7동,961152,1960892
276,1135070000,서울특별시 노원구 상계8동,960629,1963059
277,1135071000,서울특별시 노원구 상계9동,961357,1963211
278,1135072000,서울특별시 노원구 상계10동,961064,1962347
279,1138000000,서울특별시 은평구,949387,1957683
280,1138051000,서울특별시 은평구 녹번동,949858,1956248
281,1138052000,서울특별시 은평구 불광제1동,950222,1957773
282,1138053000,서울특별시 은평구 불광제2동,949690,1958458
283,1138054000,서울특별시 은평구 불광제3동,949690,1958458
284,1138055100,서울특별시 은평구 갈현제1동,948318,1958540
285,1138055200,서울특별시 은평구 갈현제2동,948202,1957822
286,1138056000,서울특별시 은평구 구산동,947794,1957134
287,1138057000,서울특별시 은평구 대조동,949054,1957178
288,1138058000,서울특별시 은평구 응암제1동,949585,1955457
289,1138059000,서울특별시 은평구 응암제2동,949056,1954859
290,1138060000,서울특별시 은평구 응암제3동,948484,1954671
291,1138061000,서울특별시 은평구 역촌제1동,948372,1956343
292,1138062000,서울특별시 은평구 역촌제2동,948372,1956343
293,1138062500,서울특별시 은평구 역촌동,948372,1956343
294,1138063100,서울특별시 은평구 신사제1동,948010,1955568
295,1138063200,서울특별시 은평구 신사제2동,947593,1955072
296,1138064000,서울특별시 은평구 증산동,947518,1953872
297,1138065000,서울특별시 은평구 수색동,946577,1954250
298,1138066000,서울특별시 은평구 진관내동,950502,1960459
299,1138067000,서울특별시 은평구 진관외동,950502,1960459
300,1138068000,서울특별시 은평구 응암제4동,948514,1954645
301,1138069000,서울특별시 은평구 진관동,950501,1960423
302,1141000000,서울특별시 서대문구,950025,1953807
303,1141051000,서울특별시 서대문구 충정로동,952172,1951862
304,1141052000,서울특별시 서대문구 천연동,951976,1952648
305,1141054000,서울특별시 서대문구 북아현제1동,951870,1951245
306,1141055000,서울특별시 서대문구 북아현제2동,951870,1951245
307,1141055500,서울특별시 서대문구 북아현동,951870,1951245
308,1141056000,서울특별시 서대문구 북아현제3동,952172,1951862
309,1141056500,서울특별시 서대문구 충현동,952172,1951862
310,1141057000,서울특별시 서대문구 대신동,950789,1951988
311,1141058000,서울특별시 서대문구 창천동,950789,1951988
312,1141058500,서울특별시 서대문구 신촌동,950789,1951988
313,1141059000,서울특별시 서대문구 연희제1동,949964,1952727
314,1141060000,서울특별시 서대문구 연희제2동,949801,1952902
315,1141061000,서울특별시 서대문구 연희제3동,949964,1952727
316,1141061500,서울특별시 서대문구 연희동,949964,1952727
317,1141062000,서울특별시 서대문구 홍제제1동,951286,1953536
318,1141063000,서울특별시 서대문구 홍제제2동,951738,1953991
319,1141064000,서울특별시 서대문구 홍제제3동,951544,1954872
320,1141065000,서울특별시 서대문구 홍제제4동,951738,1953991
321,1141065500,서울특별시 서대문구 홍제제2동,951738,1953991
322,1141066000,서울특별시 서대문구 홍은제1동,951195,1955725
323,1141067000,서울특별시 서대문구 홍은제2동,949642,1954317
324,1141068000,서울특별시 서대문구 홍은제3동,949642,1954317
325,1141068500,서울특별시 서대문구 홍은제2동,949642,1954317
326,1141069000,서울특별시 서대문구 남가좌제1동,948403,1952623
327,1141070000,서울특별시 서대문구 남가좌제2동,948847,1953388
328,1141071000,서울특별시 서대문구 북가좌제1동,947658,1953081
329,1141072000,서울특별시 서대문구 북가좌제2동,948295,1953689
330,1144000000,서울특별시 마포구,947078,1951340
331,1144051000,서울특별시 마포구 아현제1동,952248,1950177
332,1144052000,서울특별시 마포구 아현제2동,951658,1950236
333,1144053000,서울특별시 마포구 아현제3동,951658,1950236
334,1144054000,서울특별시 마포구 공덕제1동,952248,1950177
335,1144055000,서울특별시 마포구 공덕제2동,951658,1950236
336,1144055500,서울특별시 마포구 아현동,951627,1950265
337,1144056000,서울특별시 마포구 신공덕동,952248,1950177
338,1144056500,서울특별시 마포구 공덕동,952248,1950177
339,1144057000,서울특별시 마포구 도화제1동,951631,1949224
340,1144058000,서울특별시 마포구 도화제2동,951087,1948709
341,1144058500,서울특별시 마포구 도화동,951087,1948709
342,1144059000,서울특별시 마포구 용강동,950680,1949169
343,1144060000,서울특별시 마포구 대흥동,950686,1950348
344,1144061000,서울특별시 마포구 염리동,951227,1950233
345,1144062000,서울특별시 마포구 노고산동,950657,1950347
346,1144063000,서울특별시 마포구 신수동,950054,1949640
347,1144064000,서울특별시 마포구 창전동,949266,1949812
348,1144065000,서울특별시 마포구 상수동,949266,1949812
349,1144065500,서울특별시 마포구 서강동,949266,1949812
350,1144066000,서울특별시 마포구 서교동,949108,1950777
351,1144067000,서울특별시 마포구 동교동,949108,1950777
352,1144068000,서울특별시 마포구 합정동,947751,1949902
353,1144069000,서울특별시 마포구 망원제1동,946892,1950489
354,1144070000,서울특별시 마포구 망원제2동,946551,1950992
355,1144071000,서울특별시 마포구 연남동,949007,1951612
356,1144072000,서울특별시 마포구 성산제1동,947980,1951604
357,1144073000,서울특별시 마포구 성산제2동,947449,1952204
358,1144074000,서울특별시 마포구 상암동,944792,1952775
359,1147000000,서울특별시 양천구,942945,1947551
360,1147051000,서울특별시 양천구 목1동,944690,1947714
361,1147052000,서울특별시 양천구 목2동,944738,1949449
362,1147053000,서울특별시 양천구 목3동,943883,1949739
363,1147054000,서울특별시 양천구 목4동,944047,1948580
364,1147055000,서울특별시 양천구 목5동,945351,1948836
365,1147055100,서울특별시 양천구 목제6동,944918,1948855
366,1147056000,서울특별시 양천구 신월1동,941206,1948197
367,1147057000,서울특별시 양천구 신월2동,942140,1947217
368,1147058000,서울특별시 양천구 신월3동,940539,1948355
369,1147059000,서울특별시 양천구 신월4동,941708,1947141
370,1147060000,서울특별시 양천구 신월5동,940773,1949306
371,1147061000,서울특별시 양천구 신월6동,941954,1946570
372,1147061100,서울특별시 양천구 신월7동,940951,1947002
373,1147062000,서울특별시 양천구 신정1동,943444,1946728
374,1147063000,서울특별시 양천구 신정2동,944758,1946794
375,1147064000,서울특별시 양천구 신정3동,941729,1945986
376,1147065000,서울특별시 양천구 신정4동,943214,1947548
377,1147066000,서울특별시 양천구 신정제5동,943214,1947548
378,1147067000,서울특별시 양천구 신정6동,944084,1946516
379,1147068000,서울특별시 양천구 신정7동,943824,1945938
380,1150000000,서울특별시 강서구,940061,1952020
381,1150051000,서울특별시 강서구 염창동,944844,1950694
382,1150052000,서울특별시 강서구 등촌제1동,943338,1950932
383,1150053000,서울특별시 강서구 등촌제2동,943338,1949691
384,1150053500,서울특별시 강서구 등촌제3동,942277,1951599
385,1150054000,서울특별시 강서구 화곡제1동,941743,1948508
386,1150055000,서울특별시 강서구 화곡제2동,942972,1948347
387,1150056000,서울특별시 강서구 화곡제3동,941168,1949609
388,1150057000,서울특별시 강서구 화곡제4동,943320,1948704
389,1150058000,서울특별시 강서구 화곡제5동,941797,1950290
390,1150059000,서울특별시 강서구 화곡본동,942500,1949453
391,1150059100,서울특별시 강서구 화곡제6동,942677,1950450
392,1150059200,서울특별시 강서구 화곡제7동,941630,1948842
393,1150059300,서울특별시 강서구 화곡제8동,942428,1948467
394,1150060300,서울특별시 강서구 가양제1동,941402,1952883
395,1150060400,서울특별시 강서구 가양제2동,943024,1952319
396,1150060500,서울특별시 강서구 가양제3동,943697,1951681
397,1150061100,서울특별시 강서구 발산제1동,940428,1950331
398,1150061200,서울특별시 강서구 발산제2동,941797,1950290
399,1150061500,서울특별시 강서구 우장산동,941797,1950290
400,1150062000,서울특별시 강서구 공항동,937762,1951039
401,1150063000,서울특별시 강서구 방화제1동,939747,1952352
402,1150064000,서울특별시 강서구 방화제2동,938404,1953982
403,1150064100,서울특별시 강서구 방화제3동,939827,1953947
404,1153000000,서울특별시 구로구,942860,1944234
405,1153051000,서울특별시 구로구 신도림동,945488,1945829
406,1153052000,서울특별시 구로구 구로제1동,944733,1943929
407,1153053000,서울특별시 구로구 구로제2동,945514,1944340
408,1153054000,서울특별시 구로구 구로제3동,946445,1943065
409,1153054500,서울특별시 구로구 구로제3동분소,946445,1943065
410,1153055000,서울특별시 구로구 구로제4동,946198,1943738
411,1153056000,서울특별시 구로구 구로제5동,945838,1944898
412,1153056500,서울특별시 구로구 구로본동,945514,1944340
413,1153057000,서울특별시 구로구 구로제6동,946198,1943738
414,1153058000,서울특별시 구로구 가리봉제1동,946012,1942677
415,1153059000,서울특별시 구로구 가리봉제2동,945594,1942988
416,1153059500,서울특별시 구로구 가리봉동,945901,1942816
417,1153072000,서울특별시 구로구 고척제1동,943644,1944728
418,1153073000,서울특별시 구로구 고척제2동,942946,1945279
419,1153074000,서울특별시 구로구 개봉제1동,942078,1944825
420,1153075000,서울특별시 구로구 개봉제2동,943203,1943868
421,1153076000,서울특별시 구로구 개봉제3동,942673,1943218
422,1153076500,서울특별시 구로구 개봉본동,942078,1944825
423,1153077000,서울특별시 구로구 오류제1동,941889,1944386
424,1153078000,서울특별시 구로구 오류제2동,941087,1943016
425,1153079000,서울특별시 구로구 수궁동,940469,1944604
426,1153080000,서울특별시 구로구 항동,940375,1942630
427,1154500000,서울특별시 금천구,946901,1940191
428,1154551000,서울특별시 금천구 가산동,945799,1941991
429,1154551500,서울특별시 금천구 가산동민원분소,945799,1941991
430,1154561000,서울특별시 금천구 독산제1동,946391,1940859
431,1154561500,서울특별시 금천구 독산제1동분소,946391,1940859
432,1154562000,서울특별시 금천구 독산제2동,947006,1940553
433,1154563000,서울특별시 금천구 독산제3동,947392,1942016
434,1154564000,서울특별시 금천구 독산제4동,947299,1941286
435,1154565000,서울특별시 금천구 독산본동,947392,1942016
436,1154566000,서울특별시 금천구 시흥본동,946980,1939518
437,1154567000,서울특별시 금천구 시흥제1동,946980,1939518
438,1154568000,서울특별시 금천구 시흥제2동,948757,1939208
439,1154569000,서울특별시 금천구 시흥제3동,947545,1938102
440,1154570000,서울특별시 금천구 시흥제4동,947778,1940194
441,1154571000,서울특별시 금천구 시흥제5동,947686,1939033
442,1156000000,서울특별시 영등포구,947897,1946619
443,1156051000,서울특별시 영등포구 영등포제1동,947846,1946188
444,1156051500,서울특별시 영등포구 영등포본동,947846,1946188
445,1156052000,서울특별시 영등포구 영등포제2동,947676,1947313
446,1156053000,서울특별시 영등포구 영등포제3동,947676,1947313
447,1156053500,서울특별시 영등포구 영등포동,947676,1947313
448,1156054000,서울특별시 영등포구 여의동,949444,1947871
449,1156055000,서울특별시 영등포구 당산제1동,946718,1947379
450,1156056000,서울특별시 영등포구 당산제2동,947305,1948409
451,1156057000,서울특별시 영등포구 도림제1동,946967,1945693
452,1156058000,서울특별시 영등포구 도림제2동,946763,1945673
453,1156058500,서울특별시 영등포구 도림동,946967,1945693
454,1156059000,서울특별시 영등포구 문래제1동,946294,1946434
455,1156060000,서울특별시 영등포구 문래제2동,946294,1946434
456,1156060500,서울특별시 영등포구 문래동,946294,1946434
457,1156061000,서울특별시 영등포구 양평제1동,945805,1947556
458,1156062000,서울특별시 영등포구 양평제2동,946610,1949052
459,1156063000,서울특별시 영등포구 신길제1동,948782,1946080
460,1156064000,서울특별시 영등포구 신길제2동,947846,1946188
461,1156065000,서울특별시 영등포구 신길제3동,947530,1945452
462,1156066000,서울특별시 영등포구 신길제4동,948130,1945530
463,1156067000,서울특별시 영등포구 신길제5동,947470,1944794
464,1156068000,서울특별시 영등포구 신길제6동,948224,1944516
465,1156069000,서울특별시 영등포구 신길제7동,948907,1945518
466,1156070000,서울특별시 영등포구 대림제1동,947422,1943945
467,1156071000,서울특별시 영등포구 대림제2동,946990,1943579
468,1156072000,서울특별시 영등포구 대림제3동,946733,1944711
469,1159000000,서울특별시 동작구,951534,1944412
470,1159051000,서울특별시 동작구 노량진제1동,951480,1946101
471,1159052000,서울특별시 동작구 노량진제2동,950283,1945905
472,1159053000,서울특별시 동작구 상도제1동,951570,1944662
473,1159054000,서울특별시 동작구 상도제2동,950603,1945033
474,1159055000,서울특별시 동작구 상도제3동,949819,1944404
475,1159056000,서울특별시 동작구 상도제4동,950617,1944412
476,1159056100,서울특별시 동작구 상도제5동,951570,1944662
477,1159057000,서울특별시 동작구 본동,951480,1946101
478,1159058000,서울특별시 동작구 흑석제1동,952551,1945260
479,1159059000,서울특별시 동작구 흑석제2동,952551,1945260
480,1159060000,서울특별시 동작구 흑석제3동,952631,1945095
481,1159060500,서울특별시 동작구 흑석동,952551,1945260
482,1159061000,서울특별시 동작구 동작동,953468,1944472
483,1159062000,서울특별시 동작구 사당제1동,953845,1942463
484,1159063000,서울특별시 동작구 사당제2동,953468,1944472
485,1159064000,서울특별시 동작구 사당제3동,953181,1943428
486,1159065000,서울특별시 동작구 사당제4동,953202,1942517
487,1159065100,서울특별시 동작구 사당제5동,952705,1943204
488,1159066000,서울특별시 동작구 대방동,949539,1945442
489,1159067000,서울특별시 동작구 신대방제1동,947986,1943663
490,1159068000,서울특별시 동작구 신대방제2동,948787,1944015
491,1162000000,서울특별시 관악구,951433,1940829
492,1162051000,서울특별시 관악구 봉천본동,950782,1943255
493,1162052000,서울특별시 관악구 봉천제1동,949778,1943636
494,1162052500,서울특별시 관악구 보라매동,949778,1943636
495,1162053000,서울특별시 관악구 봉천제2동,951514,1943542
496,1162054000,서울특별시 관악구 봉천제3동,952223,1943469
497,1162054500,서울특별시 관악구 청림동,952200,1943507
498,1162055000,서울특별시 관악구 봉천제4동,951017,1942184
499,1162056000,서울특별시 관악구 봉천제5동,951514,1943542
500,1162056500,서울특별시 관악구 성현동,951514,1943542
501,1162057000,서울특별시 관악구 봉천제6동,952178,1942539
502,1162057500,서울특별시 관악구 행운동,952178,1942539
503,1162058000,서울특별시 관악구 봉천제7동,952173,1941136
504,1162058500,서울특별시 관악구 낙성대동,952173,1941136
505,1162059000,서울특별시 관악구 봉천제8동,951017,1942184
506,1162059500,서울특별시 관악구 청룡동,951017,1942184
507,1162060000,서울특별시 관악구 봉천제9동,950782,1943255
508,1162060500,서울특별시 관악구 은천동,950782,1943255
509,1162061000,서울특별시 관악구 봉천제10동,951451,1942908
510,1162061500,서울특별시 관악구 중앙동,951451,1942908
511,1162062000,서울특별시 관악구 봉천제11동,952835,1941575
512,1162062500,서울특별시 관악구 인헌동,952835,1941575
513,1162063000,서울특별시 관악구 남현동,953891,1940397
514,1162064000,서울특별시 관악구 신림본동,949921,1942474
515,1162064500,서울특별시 관악구 서원동,949921,1942474
516,1162065000,서울특별시 관악구 신림제1동,949360,1942364
517,1162065500,서울특별시 관악구 신원동,949360,1942364
518,1162066000,서울특별시 관악구 신림제2동,950454,1941764
519,1162066500,서울특별시 관악구 서림동,950454,1941764
520,1162067000,서울특별시 관악구 신림제3동,948739,1941389
521,1162068000,서울특별시 관악구 신림제4동,948625,1943100
522,1162068500,서울특별시 관악구 신사동,948625,1943100
523,1162069000,서울특별시 관악구 신림제5동,949471,1943216
524,1162069500,서울특별시 관악구 신림동,949471,1943216
525,1162070000,서울특별시 관악구 신림제6동,949621,1940402
526,1162071000,서울특별시 관악구 신림제7동,948578,1940462
527,1162071500,서울특별시 관악구 난향동,948578,1940462
528,1162072000,서울특별시 관악구 신림제8동,947662,1942837
529,1162072500,서울특별시 관악구 조원동,947662,1942837
530,1162073000,서울특별시 관악구 신림제9동,951487,1939607
531,1162073500,서울특별시 관악구 대학동,951487,1939607
532,1162074000,서울특별시 관악구 신림제10동,949621,1940402
533,1162074500,서울특별시 관악구 삼성동,949621,1940402
534,1162075000,서울특별시 관악구 신림제11동,948270,1941825
535,1162076000,서울특별시 관악구 신림제12동,948270,1941825
536,1162076500,서울특별시 관악구 미성동,948270,1941825
537,1162077000,서울특별시 관악구 신림제13동,948739,1941389
538,1162077500,서울특별시 관악구 난곡동,948739,1941389
539,1165000000,서울특별시 서초구,956941,1942307
540,1165051000,서울특별시 서초구 서초1동,957578,1943131
541,1165052000,서울특별시 서초구 서초2동,958257,1943432
542,1165053000,서울특별시 서초구 서초3동,956520,1943047
543,1165053100,서울특별시 서초구 서초4동,957546,1944554
544,1165054000,서울특별시 서초구 잠원동,956935,1946649
545,1165055000,서울특별시 서초구 반포본동,954594,1945358
546,1165056000,서울특별시 서초구 반포1동,957319,1945229
547,1165057000,서울특별시 서초구 반포2동,955485,1945410
548,1165058000,서울특별시 서초구 반포3동,956022,1946058
549,1165058100,서울특별시 서초구 반포4동,956249,1944627
550,1165059000,서울특별시 서초구 방배본동,954816,1944132
551,1165060000,서울특별시 서초구 방배1동,955404,1942986
552,1165061000,서울특별시 서초구 방배2동,954420,1941572
553,1165062000,서울특별시 서초구 방배3동,955572,1941815
554,1165062100,서울특별시 서초구 방배4동,955056,1943515
555,1165065100,서울특별시 서초구 양재1동,957480,1941358
556,1165065200,서울특별시 서초구 양재2동,959637,1939538
557,1165066000,서울특별시 서초구 내곡동,962030,1939314
558,1168000000,서울특별시 강남구,960815,1944463
559,1168051000,서울특별시 강남구 신사동,957715,1947490
560,1168052100,서울특별시 강남구 논현1동,958135,1945970
561,1168053100,서울특별시 강남구 논현2동,959007,1946312
562,1168054000,서울특별시 강남구 압구정제1동,958958,1947860
563,1168054500,서울특별시 강남구 압구정동,958958,1947860
564,1168055000,서울특별시 강남구 압구정제2동,958958,1947860
565,1168056000,서울특별시 강남구 청담제1동,960450,1947477
566,1168056500,서울특별시 강남구 청담동,960450,1947477
567,1168057000,서울특별시 강남구 청담제2동,960450,1947477
568,1168058000,서울특별시 강남구 삼성1동,961087,1946415
569,1168059000,서울특별시 강남구 삼성2동,960117,1945893
570,1168060000,서울특별시 강남구 대치1동,961021,1943878
571,1168061000,서울특별시 강남구 대치2동,961758,1944638
572,1168062000,서울특별시 강남구 대치제3동,961758,1944638
573,1168063000,서울특별시 강남구 대치4동,960658,1944799
574,1168064000,서울특별시 강남구 역삼1동,958633,1944623
575,1168065000,서울특별시 강남구 역삼2동,959775,1944452
576,1168065500,서울특별시 강남구 도곡1동,959374,1943458
577,1168065600,서울특별시 강남구 도곡2동,960457,1943288
578,1168066000,서울특별시 강남구 개포1동,961010,1942428
579,1168067000,서울특별시 강남구 개포2동,961762,1943090
580,1168068000,서울특별시 강남구 개포제3동,961762,1943090
581,1168069000,서울특별시 강남구 개포4동,960385,1942023
582,1168070000,서울특별시 강남구 세곡동,964797,1941544
583,1168072000,서울특별시 강남구 일원본동,963350,1942722
584,1168073000,서울특별시 강남구 일원1동,963753,1943832
585,1168074000,서울특별시 강남구 일원2동,962606,1943958
586,1168075000,서울특별시 강남구 수서동,964487,1942987
587,1171000000,서울특별시 송파구,965308,1945064
588,1171051000,서울특별시 송파구 풍납1동,965938,1948840
589,1171052000,서울특별시 송파구 풍납2동,965560,1947922
590,1171053100,서울특별시 송파구 거여1동,968308,1943951
591,1171053200,서울특별시 송파구 거여2동,969041,1943375
592,1171054000,서울특별시 송파구 마천1동,969567,1943947
593,1171055000,서울특별시 송파구 마천2동,969220,1944644
594,1171056100,서울특별시 송파구 방이1동,966634,1945700
595,1171056200,서울특별시 송파구 방이2동,965872,1946018
596,1171056600,서울특별시 송파구 오륜동,967108,1946537
597,1171057000,서울특별시 송파구 오금동,967723,1944999
598,1171058000,서울특별시 송파구 송파1동,965611,1945371
599,1171059000,서울특별시 송파구 송파2동,966199,1944929
600,1171060000,서울특별시 송파구 석촌동,964926,1944917
601,1171061000,서울특별시 송파구 삼전동,963877,1944793
602,1171062000,서울특별시 송파구 가락본동,966402,1944282
603,1171063100,서울특별시 송파구 가락1동,965302,1944051
604,1171063200,서울특별시 송파구 가락2동,967425,1944170
605,1171064100,서울특별시 송파구 문정1동,966933,1943213
606,1171064200,서울특별시 송파구 문정2동,966408,1942258
607,1171064600,서울특별시 송파구 장지동,967470,1942074
608,1171064700,서울특별시 송파구 위례동,968302,1942275
609,1171065000,서울특별시 송파구 잠실본동,963190,1945228
610,1171066000,서울특별시 송파구 잠실제1동,962792,1946576
611,1171067000,서울특별시 송파구 잠실2동,962792,1946576
612,1171068000,서울특별시 송파구 잠실3동,964158,1946396
613,1171069000,서울특별시 송파구 잠실4동,965460,1947008
614,1171070000,서울특별시 송파구 잠실제5동,964158,1946396
615,1171071000,서울특별시 송파구 잠실6동,964720,1946612
616,1171072000,서울특별시 송파구 잠실7동,962381,1945393
617,1174000000,서울특별시 강동구,968845,1950009
618,1174051500,서울특별시 강동구 강일동,971331,1951561
619,1174052000,서울특별시 강동구 상일동,970366,1950214
620,1174052500,서울특별시 강동구 상일제1동,970368,1950189
621,1174052600,서울특별시 강동구 상일제2동,971496,1950218
622,1174053000,서울특별시 강동구 명일제1동,968780,1950074
623,1174054000,서울특별시 강동구 명일제2동,969318,1949951
624,1174055000,서울특별시 강동구 고덕제1동,969171,1951712
625,1174056000,서울특별시 강동구 고덕제2동,970070,1951974
626,1174057000,서울특별시 강동구 암사제1동,967691,1950242
627,1174058000,서울특별시 강동구 암사제2동,966626,1951027
628,1174059000,서울특별시 강동구 암사제3동,968176,1951513
629,1174059100,서울특별시 강동구 암사제4동,967696,1950242
630,1174060000,서울특별시 강동구 천호제1동,968085,1949755
631,1174061000,서울특별시 강동구 천호제2동,966535,1949483
632,1174062000,서울특별시 강동구 천호제3동,967484,1948962
633,1174063000,서울특별시 강동구 천호제4동,966535,1949483
634,1174064000,서울특별시 강동구 성내제1동,966881,1947750
635,1174065000,서울특별시 강동구 성내제2동,967115,1948404
636,1174066000,서울특별시 강동구 성내제3동,967624,1947741
637,1174067000,서울특별시 강동구 길제1동,968763,1949009
638,1174068000,서울특별시 강동구 길제2동,968763,1949009
639,1174068500,서울특별시 강동구 길동,968763,1949009
640,1174069000,서울특별시 강동구 둔촌제1동,968213,1947130
641,1174070000,서울특별시 강동구 둔촌제2동,968691,1948113
